{
    "0": {
        "nome": "É assim que acaba",
        "autor": "Colleen Hoover",
        "quantidade": 8,
        "img": "https://m.media-amazon.com/images/I/9112cWOV-OL._SY385_.jpg"
    },
    "1": {
        "nome": "É assim que começa",
        "autor": "Colleen Hoover",
        "quantidade": 22,
        "img": "https://m.media-amazon.com/images/I/813TDwBsihL._SY385_.jpg"
    },
    "2": {
        "nome": "A Hipótese do Amor",
        "autor": "Ali Hazelwood",
        "quantidade": 14,
        "img": "https://m.media-amazon.com/images/I/41knBs4ouOL._SY445_SX342_.jpg"
    },
    "3": {
        "nome": "Uma Breve História do Tempo",
        "autor": "Stephen Hawking",
        "quantidade": 15,
        "img": "https://m.media-amazon.com/images/I/51aG2+outOL._SY445_SX342_.jpg"
    },
    "4": {
        "nome": "O Universo Numa Casca de Noz",
        "autor": "Stephen Hawking",
        "quantidade": 35,
        "img": "https://m.media-amazon.com/images/I/51wYh204mfL._SY445_SX342_.jpg"
    },
    "5": {
        "nome": "O Universo Elegante",
        "autor": "Brian Greene",
        "quantidade": 13,
        "img": "https://m.media-amazon.com/images/I/61r1T8rcXAL._SY385_.jpg"
    },
    "6": {
        "nome": "Breves Respostas para Grandes Questões",
        "autor": "Stephen Hawking",
        "quantidade": 11,
        "img": "https://m.media-amazon.com/images/I/51uywlQG4UL._SY445_SX342_.jpg"
    },
    "7": {
        "nome": "O Homem de Giz",
        "autor": "C. J. Tudor",
        "quantidade": 9,
        "img": "https://m.media-amazon.com/images/I/41LuOehnKtL._SY445_SX342_.jpg"
    },
    "8": {
        "nome": "Manual de Assassinato para Boas Garotas",
        "autor": "Holly Jackson",
        "quantidade": 41,
        "img": "https://m.media-amazon.com/images/I/71fE-JgveUL._SY385_.jpg"
    },
    "9": {
        "nome": "Anatomia do Mal",
        "autor": "Harold Schechter",
        "quantidade": 37,
        "img": "https://m.media-amazon.com/images/I/71SV55vWSEL._SY385_.jpg"
    },
    "10": {
        "nome": "Os Sertões",
        "autor": "Euclides da Cunha",
        "quantidade": 23,
        "img": "https://m.media-amazon.com/images/I/61wNPOSBNsL._SY385_.jpg"
    },
    "11": {
        "nome": "O Gato Malhado e a Andorinha Sinhá",
        "autor": "Jorge Amado",
        "quantidade": 12,
        "img": "https://m.media-amazon.com/images/I/51TFb7yExqS._SY445_SX342_.jpg"
    },
    "12": {
        "nome": "O Jardim das Borboletas",
        "autor": "Dot Hutchison",
        "quantidade": 50,
        "img": "https://m.media-amazon.com/images/I/A142ngVX2rL._SY385_.jpg"
    },
    "13": {
        "nome": "Capitães da Areia",
        "autor": "Jorge Amado",
        "quantidade": 47,
        "img": "https://m.media-amazon.com/images/I/41egZIo3eYL._SY445_SX342_.jpg"
    },
    "14": {
        "nome": "O Príncipe Cruel",
        "autor": "Holly Black",
        "quantidade": 24,
        "img": "https://m.media-amazon.com/images/I/81FH6q0EqYS._SY385_.jpg"
    },
    "15": {
        "nome": "O Senhor dos Anéis- A Sociedade do Anel",
        "autor": "J.R.R. Tolkien",
        "quantidade": 13,
        "img": "https://m.media-amazon.com/images/I/81MZ8OjmQrL._SY425_.jpg"
    },
    "16": {
        "nome": "Drácula",
        "autor": "Bram Stoker",
        "quantidade": 21,
        "img": "https://m.media-amazon.com/images/I/71eyN+ZYvCL._SY385_.jpg"
    },
    "17": {
        "nome": "O Pequeno Príncipe",
        "autor": "Antoine de Saint-Exupéry",
        "quantidade": 11,
        "img": "https://m.media-amazon.com/images/I/71FpfkjJUSL._SY385_.jpg"
    },
    "18": {
        "nome": "O Menino do Pijama Listrado",
        "autor": "John Boyne",
        "quantidade": 16,
        "img": "https://m.media-amazon.com/images/I/41lCCL6N4nL._SY445_SX342_.jpg"
    },
    "19": {
        "nome": "Memórias Póstumas de Brás Cubas",
        "autor": "Machado de Assis",
        "quantidade": 40,
        "img": "https://m.media-amazon.com/images/I/61Us+SweQDL._SY385_.jpg"
    },
    "20": {
        "nome": "Ai Meus Deuses",
        "autor": "Tera Lynn Childs",
        "quantidade": 47,
        "img": "https://m.media-amazon.com/images/I/81hG2dbNMwL._SY385_.jpg"
    },
    "21": {
        "nome": "50 Ideias de Física Quântica que Você Precisa Conhecer",
        "autor": "Joanne Baker",
        "quantidade": 17,
        "img": "https://m.media-amazon.com/images/I/31k6fPZOtyL._SY445_SX342_.jpg"
    },
    "22": {
        "nome": "50 Tons de Cinza",
        "autor": "E. L. James",
        "quantidade": 32,
        "img": "https://m.media-amazon.com/images/I/51XHQHnyciL._SY445_SX342_.jpg"
    },
    "23": {
        "nome": "Moby Dick",
        "autor": "Herman Melville",
        "quantidade": 4,
        "img": "https://m.media-amazon.com/images/I/51cQOAZhjgL._SY445_SX342_.jpg"
    },
    "24": {
        "nome": "Não Conte a Ninguém",
        "autor": "Harlan Coben",
        "quantidade": 28,
        "img": "https://m.media-amazon.com/images/I/51KmwUlCluL._SY445_SX342_.jpg"
    },
    "25": {
        "nome": "Harry Potter e a Pedra Filosofal",
        "autor": "J.K. Rowling",
        "quantidade": 13,
        "img": "https://m.media-amazon.com/images/I/41897yAI4LL._SY445_SX342_.jpg"
    },
    "26": {
        "nome": "As Crônicas de Nárnia",
        "autor": "C.S. Lewis",
        "quantidade": 13,
        "img": "https://m.media-amazon.com/images/I/51+2QAB7I+L._SY445_SX342_.jpg"
    },
    "27": {
        "nome": "Percy Jackson e Os Olimpianos- ladrão de raios",
        "autor": "Rick Riordan",
        "quantidade": 8,
        "img": "https://m.media-amazon.com/images/I/61lPJcX3j1L._SY385_.jpg"
    },
    "28": {
        "nome": "Morro dos Ventos Uivantes",
        "autor": "Emily Brontë",
        "quantidade": 3,
        "img": "https://m.media-amazon.com/images/I/71lqmkoeosL._SY385_.jpg"
    },
    "29": {
        "nome": "Orgulho e Preconceito",
        "autor": "Jane Austen",
        "quantidade": 12,
        "img": "https://m.media-amazon.com/images/I/717jpDhXioL._SY385_.jpg"
    },
    "30": {
        "nome": "Razão e Sensibilidade",
        "autor": "Jane Austen",
        "quantidade": 15,
        "img": "https://m.media-amazon.com/images/I/81eN74IRg4L._SY385_.jpg"
    },
    "31": {
        "nome": "1984",
        "autor": "George Orwell",
        "quantidade": 26,
        "img": "https://m.media-amazon.com/images/I/51feD87yuEL._SY445_SX342_.jpg"
    },
    "32": {
        "nome": "Macunaíma",
        "autor": "Mário de Andrade",
        "quantidade": 39,
        "img": "https://cdn.maioresemelhores.com/imagens/01-maiores-e-melhores-macunaima-cke.jpg"
    },
    "33": {
        "nome": "Grande Sertão Veredas",
        "autor": "João Guimarães Rosa",
        "quantidade": 24,
        "img": "https://cdn.maioresemelhores.com/imagens/02-maiores-e-melhores-grande-sertao-cke.jpg"
    },
    "34": {
        "nome": "Dom Casmurro",
        "autor": "Machado de Assis",
        "quantidade": 17,
        "img": "https://cdn.maioresemelhores.com/imagens/06-maiores-e-melhores-dom-casmurro-cke.jpg"
    },
    "35": {
        "nome": "O Cortiço",
        "autor": "Aluísio Azevedo",
        "quantidade": 45,
        "img": "https://cdn.maioresemelhores.com/imagens/07-maiores-e-melhores-o-cortico-cke.jpg"
    },
    "36": {
        "nome": "Gabriela Cravo e Canela",
        "autor": "Jorge Amado",
        "quantidade": 31,
        "img": "https://cdn.maioresemelhores.com/imagens/09-maiores-e-melhores-gabriela-cravo-e-canela-cke.jpg"
    },
    "37": {
        "nome": "Vidas Secas",
        "autor": "Graciliano Ramos",
        "quantidade": 45,
        "img": "https://cdn.maioresemelhores.com/imagens/11-maiores-e-melhores-vidas-secas-cke.jpg"
    },
    "38": {
        "nome": "A Moreninha",
        "autor": "Joaquim Manuel de Macedo",
        "quantidade": 7,
        "img": "https://cdn.maioresemelhores.com/imagens/13-maiores-e-melhores-a-moreninha-cke.jpg"
    },
    "39": {
        "nome": "Iracema",
        "autor": "José de Alencar",
        "quantidade": 24,
        "img": "https://cdn.maioresemelhores.com/imagens/14-maiores-e-melhores-iracema-cke.jpg"
    },
    "40": {
        "nome": "O Ateneu",
        "autor": "Raul Pompeia",
        "quantidade": 6,
        "img": "https://cdn.maioresemelhores.com/imagens/16-maiores-e-melhores-o-ateneu-cke.jpg"
    },
    "41": {
        "nome": "A Escrava Isaura",
        "autor": "Bernardo Guimarães",
        "quantidade": 8,
        "img": "https://www.martinclaret.com.br/wp-content/uploads/2017/04/91xeKg8nI4L.jpg\""
    },
    "42": {
        "nome": "O Guarani",
        "autor": "José de Alencar",
        "quantidade": 39,
        "img": "https://cdn.maioresemelhores.com/imagens/20-maiores-e-melhores-o-guarani-cke.jpg"
    },
    "43": {
        "nome": "A divina Comédia",
        "autor": "Dante Alighieri",
        "quantidade": 23,
        "img": "https://m.media-amazon.com/images/I/51SLwaM1-XL._SY445_SX342_.jpg"
    },
    "44": {
        "nome": "Dom Quixote",
        "autor": "Miguel de Cervantes",
        "quantidade": 42,
        "img": "https://m.media-amazon.com/images/I/81k74t+lqyL._SY385_.jpg"
    },
    "45": {
        "nome": "Frankenstein",
        "autor": "Mary Shelley",
        "quantidade": 12,
        "img": "https://m.media-amazon.com/images/I/810eLEben8L._SY385_.jpg"
    },
    "46": {
        "nome": "Os Três Mosqueteiros",
        "autor": "Alexandre Dumas",
        "quantidade": 16,
        "img": "https://m.media-amazon.com/images/I/817bVkQAWhL._SY385_.jpg"
    },
    "47": {
        "nome": "Os Miseráveis",
        "autor": "Victor Hugo",
        "quantidade": 9,
        "img": "https://m.media-amazon.com/images/I/51UvQ7XBImL._SY445_SX342_.jpg"
    },
    "48": {
        "nome": "O Corvo",
        "autor": "Edgar Allan Poe",
        "quantidade": 40,
        "img": "https://m.media-amazon.com/images/I/515xkV5l3XL._SY445_SX342_.jpg"
    },
    "49": {
        "nome": "Madame Bovary",
        "autor": "Gustave Flaubert",
        "quantidade": 38,
        "img": "https://m.media-amazon.com/images/I/41uoHb7H5vL._SY445_SX342_.jpg"
    },
    "50": {
        "nome": "tati",
        "autor": "ana",
        "quantidade": 1,
        "img": "http://127.0.0.1:5000/static/img/livro.jpg"
    }
}