{
    "0": {
        "nome": "É assim que acaba",
        "autor": "Colleen Hoover",
        "quantidade": 32
    },
    "1": {
        "nome": "É assim que começa",
        "autor": "Colleen Hoover",
        "quantidade": 7
    },
    "2": {
        "nome": "A Hipótese do Amor",
        "autor": "Ali Hazelwood",
        "quantidade": 44
    },
    "3": {
        "nome": "Uma Breve História do Tempo",
        "autor": "Stephen Hawking",
        "quantidade": 46
    },
    "4": {
        "nome": "O Universo Numa Casca de Noz",
        "autor": "Stephen Hawking",
        "quantidade": 46
    },
    "5": {
        "nome": "O Universo Elegante",
        "autor": "Brian Greene",
        "quantidade": 29
    },
    "6": {
        "nome": "Breves Respostas para Grandes Questões",
        "autor": "Stephen Hawking",
        "quantidade": 43
    },
    "7": {
        "nome": "O Homem de Giz",
        "autor": "C. J. Tudor",
        "quantidade": 44
    },
    "8": {
        "nome": "Manual de Assassinato para Boas Garotas",
        "autor": "Holly Jackson",
        "quantidade": 38
    },
    "9": {
        "nome": "Anatomia do Mal",
        "autor": "Harold Schechter",
        "quantidade": 27
    },
    "10": {
        "nome": "Os Sertões",
        "autor": "Euclides da Cunha",
        "quantidade": 18
    },
    "11": {
        "nome": "O Gato Malhado e a Andorinha Sinhá",
        "autor": "Jorge Amado",
        "quantidade": 28
    },
    "12": {
        "nome": "O Jardim das Borboletas",
        "autor": "Dot Hutchison",
        "quantidade": 24
    },
    "13": {
        "nome": "Capitães da Areia",
        "autor": "Jorge Amado",
        "quantidade": 8
    },
    "14": {
        "nome": "O Príncipe Cruel",
        "autor": "Holly Black",
        "quantidade": 11
    },
    "15": {
        "nome": "O Senhor dos Anéis- A Sociedade do Anel",
        "autor": "J.R.R. Tolkien",
        "quantidade": 45
    },
    "16": {
        "nome": "Drácula",
        "autor": "Bram Stoker",
        "quantidade": 30
    },
    "17": {
        "nome": "O Pequeno Príncipe",
        "autor": "Antoine de Saint-Exupéry",
        "quantidade": 26
    },
    "18": {
        "nome": "O Menino do Pijama Listrado",
        "autor": "John Boyne",
        "quantidade": 17
    },
    "19": {
        "nome": "Memórias Póstumas de Brás Cubas",
        "autor": "Machado de Assis",
        "quantidade": 29
    },
    "20": {
        "nome": "Ai Meus Deuses",
        "autor": "Tera Lynn Childs",
        "quantidade": 11
    },
    "21": {
        "nome": "50 Ideias de Física Quântica que Você Precisa Conhecer",
        "autor": "Joanne Baker",
        "quantidade": 24
    },
    "22": {
        "nome": "50 Tons de Cinza",
        "autor": "E. L. James",
        "quantidade": 20
    },
    "23": {
        "nome": "Moby Dick",
        "autor": "Herman Melville",
        "quantidade": 5
    },
    "24": {
        "nome": "Não Conte a Ninguém",
        "autor": "Harlan Coben",
        "quantidade": 2
    },
    "25": {
        "nome": "Harry Potter e a Pedra Filosofal",
        "autor": "J.K. Rowling",
        "quantidade": 17
    },
    "26": {
        "nome": "As Crônicas de Nárnia",
        "autor": "C.S. Lewis",
        "quantidade": 43
    },
    "27": {
        "nome": "Percy Jackson e Os Olimpianos- ladrão de raios",
        "autor": "Rick Riordan",
        "quantidade": 15
    },
    "28": {
        "nome": "Morro dos Ventos Uivantes",
        "autor": "Emily Brontë",
        "quantidade": 20
    },
    "29": {
        "nome": "Orgulho e Preconceito",
        "autor": "Jane Austen",
        "quantidade": 2
    },
    "30": {
        "nome": "Razão e Sensibilidade",
        "autor": "Jane Austen",
        "quantidade": 29
    },
    "31": {
        "nome": "1984",
        "autor": "George Orwell",
        "quantidade": 23
    },
    "32": {
        "nome": "Macunaíma",
        "autor": "Mário de Andrade",
        "quantidade": 9
    },
    "33": {
        "nome": "Grande Sertão Veredas",
        "autor": "João Guimarães Rosa",
        "quantidade": 7
    },
    "34": {
        "nome": "Dom Casmurro",
        "autor": "Machado de Assis",
        "quantidade": 33
    },
    "35": {
        "nome": "O Cortiço",
        "autor": "Aluísio Azevedo",
        "quantidade": 23
    },
    "36": {
        "nome": "Gabriela Cravo e Canela",
        "autor": "Jorge Amado",
        "quantidade": 6
    },
    "37": {
        "nome": "Vidas Secas",
        "autor": "Graciliano Ramos",
        "quantidade": 24
    },
    "38": {
        "nome": "A Moreninha",
        "autor": "Joaquim Manuel de Macedo",
        "quantidade": 50
    },
    "39": {
        "nome": "Iracema",
        "autor": "José de Alencar",
        "quantidade": 43
    },
    "40": {
        "nome": "O Ateneu",
        "autor": "Raul Pompeia",
        "quantidade": 18
    },
    "41": {
        "nome": "A Escrava Isaura",
        "autor": "Bernardo Guimarães",
        "quantidade": 29
    },
    "42": {
        "nome": "O Guarani",
        "autor": "José de Alencar",
        "quantidade": 19
    },
    "43": {
        "nome": "A divina Comédia",
        "autor": "Dante Alighieri",
        "quantidade": 47
    },
    "44": {
        "nome": "Dom Quixote",
        "autor": "Miguel de Cervantes",
        "quantidade": 17
    },
    "45": {
        "nome": "Frankenstein",
        "autor": "Mary Shelley",
        "quantidade": 36
    },
    "46": {
        "nome": "Os Três Mosqueteiros",
        "autor": "Alexandre Dumas",
        "quantidade": 2
    },
    "47": {
        "nome": "Os Miseráveis",
        "autor": "Victor Hugo",
        "quantidade": 43
    },
    "48": {
        "nome": "O Corvo",
        "autor": "Edgar Allan Poe",
        "quantidade": 21
    },
    "49": {
        "nome": "Madame Bovary",
        "autor": "Gustave Flaubert",
        "quantidade": 12
    }
}